Name,Downloads
obsidian-excalidraw-plugin,1301704
dataview,1214095
table-editor-obsidian,1103563
obsidian-kanban,874469
calendar,849993
obsidian-tasks-plugin,796671
templater-obsidian,733712
obsidian-git,655220
obsidian-advanced-slides,648560
obsidian-style-settings,609690
obsidian-outliner,594105
obsidian-minimal-settings,546421
obsidian-admonition,530085
quickadd,457458
sliding-panes-obsidian,406015
tag-wrangler,404269
obsidian-icon-folder,387485
obsidian-mind-map,364718
remotely-save,298891
obsidian-day-planner,280820
cm-editor-syntax-highlight-obsidian,277809
recent-files-obsidian,275550
obsidian-annotator,270732
obsidian-checklist-plugin,256734
obsidian-linter,253743
homepage,249276
better-word-count,246283
omnisearch,240600
obsidian-emoji-toolbar,234440
nldates-obsidian,232096
oz-image-plugin,225884
periodic-notes,218886
obsidian-advanced-uri,208491
dbfolder,191295
highlightr-plugin,188881
obsidian-pandoc,187700
note-refactor-obsidian,179734
obsidian-markmind,172536
make-md,170623
url-into-selection,169829
obsidian-projects,160373
obsidian-zotero-desktop-connector,160213
notion-like-tables,157651
obsidian-textgenerator-plugin,154089
obsidian-hover-editor,152892
file-tree-alternative,152123
obsidian-hider,143584
various-complements,140978
obsidian-spaced-repetition,139966
darlal-switcher-plus,139352
obsidian-citation-plugin,137879
obsidian-full-calendar,137265
obsidian-dictionary-plugin,132675
obsidian-languagetool-plugin,130398
buttons,126499
obsidian-charts,126052
obsidian-enhancing-mindmap,122888
cmdr,122663
cmenu-plugin,121244
obsidian-banners,120822
find-unlinked-files,119077
excalibrain,111159
obsidian-image-toolkit,100980
quick-latex,98645
obsidian-leaflet-plugin,97821
obsidian-reminder-plugin,97537
obsidian-auto-link-title,96071
obsidian-enhancing-export,95727
obsidian42-brat,94695
obsidian-dice-roller,92948
obsidian-livesync,90767
obsidian-tracker,86402
breadcrumbs,85399
readwise-official,84244
obsidian-plugin-toc,83609
supercharged-links-obsidian,81860
obsidian-5e-statblocks,81690
fantasy-calendar,81618
media-extended,81147
pane-relief,81091
obsidian-latex-suite,79028
multi-column-markdown,77180
obsidian-excel-to-markdown-table,76045
obsidian-tagfolder,75887
obsidian-zoom,74952
editing-toolbar,72880
obsidian-footnotes,72253
folder-note-plugin,71880
hotkeysplus-obsidian,70166
quick-explorer,69941
easy-typing-obsidian,69919
obsidian-memos,69879
metadata-menu,69745
obsidian-extract-pdf-highlights,69179
obsidian-contextual-typography,69138
obsidian-rollover-daily-todos,68377
metaedit,67943
settings-search,66822
obsidian-kindle-plugin,66811
obsidian-icons-plugin,61952
markdown-prettifier,61799
todoist-sync-plugin,61768
obsidian-image-auto-upload-plugin,61421
obsidian-custom-frames,60402
emoji-shortcodes,60325
smart-connections,60031
obsidian-text-format,59772
cycle-through-panes,58760
obsidian-markdown-formatting-assistant-plugin,58315
obsidian-vimrc-support,57396
obsidian-to-anki-plugin,56980
drawio-obsidian,56553
obsidian-timelines,55493
obsidian-tabs,54819
obsidian-sortable,54725
juggl,54552
file-explorer-note-count,54230
google-calendar,53890
text-extractor,53443
meld-encrypt,52949
obsidian-importer,52343
convert-url-to-iframe,52317
obsidian-plantuml,51010
cm-typewriter-scroll-obsidian,50858
obsidian-book-search-plugin,50816
obsidian-collapse-all-plugin,50409
markdown-table-editor,48995
remember-cursor-position,48620
obsidian-plugin-todo,47663
oz-clear-unused-images,47074
obsidian-smart-typography,46594
obsidian-quiet-outline,46506
obsidian-plugin-update-tracker,45796
obsidian-another-quick-switcher,43785
obsidian-read-it-later,43758
initiative-tracker,43575
copilot,43527
heatmap-calendar,43492
workspaces-plus,43488
review-obsidian,42035
obsidian-reading-time,42018
mousewheel-image-zoom,42000
obsidian-map-view,41831
card-board,41623
better-pdf-plugin,40911
hotkey-helper,40137
obsidian-local-rest-api,39423
longform,39100
mermaid-tools,39048
execute-code,38984
privacy-glasses,37262
obsidian-weread-plugin,37077
flashcards-obsidian,37018
novel-word-count,36129
zoottelkeeper-obsidian-plugin,35499
alx-folder-note,35067
obsidian-omnivore,34675
obsidian-completr,34673
obsidian-chartsview-plugin,34475
table-extended,33635
obsidian-filename-heading-sync,33505
obsidian-relative-line-numbers,32800
obsidian-copy-block-link,32730
obsidian-focus-mode,32584
obsidian42-strange-new-worlds,32116
obsidian-columns,31409
graph-analysis,30712
mx-bili-plugin,30364
obsidian-icon-shortcodes,29614
number-headings-obsidian,29325
obsidian-code-block-enhancer,28672
cm-chs-patch,27956
obsidian-statusbar-pomo,27949
obsidian-shellcommands,27760
obsidian-list-callouts,27658
obsidian-paste-image-rename,27442
map-of-content,27330
folder-note-core,27066
obsidian-fullscreen-plugin,26854
obsidian-sort-and-permute-lines,26390
ava,26324
chatgpt-md,25447
obsidian-local-images,25389
custom-sort,25293
obsidian-table-generator,25228
obsidian-file-color,24908
obsidian-vault-statistics-plugin,24677
waypoint,24461
auto-note-mover,24233
obsidian-editor-shortcuts,23967
link-favicon,23893
big-calendar,23460
obsidian-autocomplete-plugin,23325
mrj-text-expand,23263
obsidian-timeline,23218
surfing,23213
digitalgarden,22939
obsidian-mindmap-nextgen,22887
obsidian-imgur-plugin,22736
smart-random-note,22733
text-snippets-obsidian,22609
obsidian-jupyter,22609
obsidian-show-file-path,22574
vantage-obsidian,22264
update-time-on-edit,22034
gpt3-notes,21994
webpage-html-export,21948
obsidian-gallery,21744
obsidian-local-images-plus,21733
podnotes,21634
obsidian-view-mode-by-frontmatter,21353
obsidian-better-codeblock,21339
obsidian-latex,21192
canvas-mindmap,20903
fleeting-notes-obsidian,20860
chronology,20654
obsidian-underline,20591
rss-reader,20373
search-on-internet,20335
better-fn,19609
workbench-obsidian,19174
colored-text,19060
obsidian-pandoc-reference-list,19026
copy-as-html,18802
obsidian-better-command-palette,18736
obsidian-import-json,18680
copy-url-in-preview,18304
extract-url,18181
folder-notes,18123
obsidian-rtl,17848
obsidian-toggl-integration,17744
obsidian-front-matter-title-plugin,17721
obsidian-regex-replace,17652
obsidian-math-plus,17636
obsidian-rich-links,17533
obsidian-link-embed,17459
obsidian-hotkeys-for-templates,17387
obsidian-task-archiver,17370
obsidian-smarter-md-hotkeys,17365
mysnippets-plugin,17351
obsidian-core-search-assistant-plugin,17310
obsidian-latex-environments,17280
customizable-menu,17110
obsidian-plugin-tagged-documents-viewer,16681
janitor,16655
image-converter,16574
language-translator,16554
obsidian-bible-reference,16473
customjs,16462
theme-picker,16179
completed-task-display,16133
obsidian-stille,16075
obsidian-frontmatter-tag-suggest,15723
mrj-jump-to-link,15648
obsidian-jira-issue,15570
obsidian-pangu,15567
obsidian-activity-history,15395
obsidian-hotkeys-for-specific-files,15315
obsidian-timestamper,15291
obsidian-journey-plugin,15173
matter,15145
creases,14994
actions-uri,14870
extract-highlights-plugin,14577
obsidian-image-caption,14404
obsidian-file-path-to-uri,14370
obsidian-task-collector,14358
floating-toc,14187
consistent-attachments-and-links,14059
open-vscode,14030
influx,13940
auto-card-link,13919
shortcuts-extender,13784
obsidian-plugin-groups,13737
ledger-obsidian,13703
obsidian-version-history-diff,13687
obsidian-epub-plugin,13582
obsidian-html-plugin,13563
terminal,13557
obsidian-mkdocs-publisher,13511
obsidian-pocket,13487
obsidian-file-link,13471
txt-as-md-obsidian,13358
obsidian-diagrams-net,13306
obsidian-dynamic-highlights,13237
metadata-extractor,13191
csv-obsidian,13135
obsidian-comments,13128
obsidian-csv-table,13040
3d-graph,12773
obsidian-task-progress-bar,12694
obsidian-tts,12607
obsidian-custom-attachment-location,12595
cm-show-whitespace-obsidian,12536
obsidian-advanced-new-file,12378
callout-manager,12360
obsidian-discordrpc,12311
taskbone-ocr-plugin,12292
obsidian-clipper,12287
obsidian-topic-linking,12277
obsidian-wikipedia,12051
wikilinks-to-mdlinks-obsidian,11961
obsidian-quickshare,11939
numerals,11886
obsidian-reveal-active-file,11885
OA-file-hider,11813
tasks-calendar-wrapper,11773
image-window,11765
lapel,11721
close-similar-tabs,11303
obsidian-to-notion,11302
maximise-active-pane-obsidian,11266
music-code-blocks,11127
obsidian-timestamp-notes,11059
obsidian-file-cleaner,11036
obsidian42-text-transporter,11035
obsidian-raindrop-highlights,11015
obsidian-link-converter,10974
obsidian-tikzjax,10923
obsidian-audio-notes,10849
rpg-manager,10843
obsidian-media-db-plugin,10790
obsidian-wordnet-plugin,10601
find-and-replace-in-selection,10511
obsidian-daily-stats,10434
open-note-to-window-title,10383
simple-time-tracker,10238
obsidian-dangling-links,10223
obsidian-daily-note-outline,10206
new-tab-default-page,10200
obsidian-folder-index,10170
obsidian-react-components,10162
translate,10090
discordian-plugin,10061
obsidian-meta-bind-plugin,10056
code-emitter,10056
obsidian-hypothesis-plugin,10015
obsidian-card-view-mode,9990
open-gate,9986
obsidian-query-language,9934
obsidian-attachment-name-formatting,9923
obisidian-note-linker,9832
khoj,9831
obsidian-tidy-footnotes,9702
advanced-cursors,9642
home-tab,9626
global-search-and-replace,9394
obsidian-plugin-prettier,9373
obsidian-chat-view,9309
copy-document-as-html,9222
obsidian-regex-pipeline,9218
obsidian-tweet-to-markdown,9160
daily-activity,9131
css-snippets,9051
obsidian-jump-to-date-plugin,9050
obsidian-wordpress,9020
luhman,8978
obsidian-file-info-plugin,8929
obsidian-open-link-with,8906
colored-tags,8806
persistent-graph,8780
markdown-attributes,8753
links,8680
obsidian-calibre-plugin,8677
obsidian-embedded-code-title,8651
obsidian-text-expander,8628
time-ruler,8618
obsidian-pomodoro-plugin,8476
obsidian-theme-design-utilities,8436
key-promoter,8422
note-folder-autorename,8394
obsidian-trash-explorer,8335
obsidian-paste-to-current-indentation,8327
obsidian-daily-notes-viewer,8312
obsidian-image-gallery,8278
obsidian-rewarder,8253
aprils-automatic-timelines,8230
marginnote-companion,8221
obsidian-habit-tracker,8184
footlinks,8181
obsidian-html-tags-autocomplete,8137
obsidian-flexible-pomo,7999
obsidian-douban-plugin,7997
obsidian-hide-sidebars-when-narrow,7962
file-order,7920
obsidian-heading-shifter,7892
canvas-css-class,7883
obsidian-text-expander-js,7865
obsidian-dialogue-plugin,7851
obsidian-transcription,7832
mrj-crosslink-between-notes,7771
tag-word-cloud,7668
obsidian-carry-forward,7636
meld-calc,7583
obsidian-incremental-writing,7581
obsidian-trello,7563
obsidian-extract-pdf-annotations,7419
obsidian-word-sprint,7346
link-exploder,7321
whisper,7275
cryptsidian,7255
obsidian-google-tasks,7246
ibook,7205
obsidian-auto-pair-chinese-symbol,7123
obsidian-functionplot,7107
obsidian-desmos,7106
alx-folder-note-folderv,7075
obsidian-notes-from-template,7060
image-captions,7046
leader-hotkeys-obsidian,7011
reveal-active-file-button,6996
obsidian-doubleshift,6979
obsidian-ocr,6978
obsidian-vault-changelog,6936
obsidian-thumbnails,6923
float-search,6881
obsidian-markdown-export-plugin,6850
code-block-from-selection,6844
obsidian-folder-focus-mode,6823
dynamic-rtl,6820
obsidian-google-lookup,6698
dangerzone-writing-plugin,6696
zotlit,6649
obsidian-note-autocreator,6632
ai-commander,6615
fantasy-content-generator,6571
codeblock-customizer,6550
ytranscript,6515
obsidian-orthography,6484
obsidian-markdown-furigana,6481
reference-map,6407
obsidian-toggle-list,6400
obsidian-advanced-codeblock,6370
keyboard-analyzer,6365
unique-attachments,6352
obsidian-electron-window-tweaker,6338
todoist-text,6280
obsidian-todoist-link,6267
spreadsheets,6258
obsidian-org-mode,6221
obsius-publish,6195
obsidian-apple-reminders-plugin,6117
obsidian-sidebar-expand-on-hover,6111
google-photos,6104
better-inline-fields,6100
obsidian-pluck,6084
obsidian-task-marker,6084
obsidian-graphviz,6071
obsidian-bible-linker,6045
obsidian-bulk-rename-plugin,6044
obsidian-dropbox-backups,6038
ghost-fade-focus,6032
obsidian-scroll-to-top-plugin,6009
frontmatter-links,5962
obsidian-commits,5953
telegram-sync,5950
mathpad,5940
tag-summary-plugin,5921
obsidian-readwise,5911
neo4j-graph-view,5882
insert-unsplash-image,5881
obsidian-daily-named-folder,5829
chesser-obsidian,5803
auto-moc,5793
obsidian-dynamic-background,5784
obsidian-shortcut-launcher,5753
short-internal-links-to-headings,5738
obsidian-youglish-plugin,5732
ninja-cursor,5713
things-logbook,5698
aosr,5658
simple-note-review,5640
obsidian-cursor-location-plugin,5636
daily-notes-editor,5584
open-in-new-tab,5584
canvas-presentation,5575
obsidian-state-switcher,5555
DEVONlink-obsidian,5540
page-gallery,5522
wikipedia-search,5504
deepl,5465
no-dupe-leaves,5422
podcast-note,5403
tray,5399
obsidian-prominent-starred-files,5385
obsidian-gist,5345
d2-obsidian,5339
script-launcher,5335
obsidian-list-modified,5328
companion,5282
obsidian-remember-file-state,5276
obsidian-translator,5274
marp,5249
obsidian-plaintext,5242
obsidian-export-to-tex,5205
obsidian-path-title,5191
obsidian-prozen,5191
obsidian-recall,5144
heading-level-indent,5129
obsidian-nomnoml-diagram,5122
obsidian-itinerary,5106
copy-as-latex,5097
ObsidianAnkiSync,5087
obsidian-global-hotkeys,5075
obsidian-paste-png-to-jpeg,5071
wucai-highlights-official,5065
mathlinks,5061
obsidian-table-to-csv-exporter,5056
obsidian-snippetor,5037
ai-assistant,5029
emoji-magic,5009
obsidian-shortcuts-for-starred-files,4995
optimize-canvas-connections,4978
booksidian-plugin,4969
open-with,4949
obsidian-wordy,4949
quote-of-the-day,4947
obsidian-icon-swapper,4945
obsidian-qrcode-plugin,4927
obsidian-auto-hide,4910
obsidian-living-graph,4898
excel,4886
readwise-mirror,4880
obsidian-file-cooker,4880
better-reading-mode,4838
obsidian-kroki,4833
symbols-prettifier,4822
kr-book-info-plugin,4818
obsidian-things3-sync,4802
obsidian-2hop-links-plugin,4783
completed-area,4779
advanced-paste,4717
obsidian-auto-split,4709
lumberjack-obsidian,4697
cooklang-obsidian,4681
obsidian-apply-patterns,4652
obsidian-toggle-meta-yaml-plugin,4651
better-search-views,4647
marp-slides,4639
code-styler,4624
obsidian-export-image,4604
pieces-for-developers,4594
nl-fast-image-cleaner,4586
obsidian-grandfather,4585
obsidian-release-timeline,4574
editor-width-slider,4568
ultimate-todoist-sync,4506
obsidian-week-planner,4488
python-lab-plugin,4471
macOS-keyboard-nav-obsidian,4455
typing-speed,4454
oz-calendar,4453
link-headers-directly,4440
obsidian-audio-player,4428
obsidian-kindle-export,4396
obsidian-wrap-with-shortcuts,4346
zotero-link,4330
dynamic-timetable,4321
obsidian-camera,4312
obsidian-path-finder,4307
tabout,4289
password-protection,4284
obsidian-link-indexer,4283
link-nodes-in-canvas,4270
markdown-shortcuts,4268
obsidian-tomorrows-daily-note,4251
weather-fetcher,4236
obsidian-agile-task-notes,4229
obsidian-argdown-plugin,4218
nuke-orphans,4215
repeat-plugin,4209
zotero-bridge,4207
obsidian-image-layouts,4197
obsidian-trim-whitespace,4171
obsidian-title-index,4167
obsidian-lock-screen-plugin,4164
easy-toggle-sidebars,4150
obsidian-fountain,4143
handwritten-notes,4129
attachment-management,4127
code-block-plugin,4100
todoist-completed-tasks-plugin,4090
page-heading-from-links,4084
obsidian-plotly,4027
auto-classifier,4011
obsidian-related-notes-finder,4007
obsidian-divide-and-conquer,4006
obsidian-wakatime,3952
canvas-filter,3941
obsidian-pending-notes,3938
habit-tracker,3937
obsidian-paste-as-html,3919
obsidian-daily-notes-opener,3911
fuzzy-chinese-pinyin,3904
vim-im-select,3886
format-hotkeys-obsidian,3867
math-booster,3864
obsidian-webhooks,3859
note-synchronizer,3828
obsidian-format-code,3809
obsidian-focus-plugin,3755
obsidian-habitica-integration,3747
typing-assistant,3745
personal-assistant,3733
multi-line-formatting,3728
code-files,3708
obsidian-emotion-picker,3698
nl-syntax-highlighting,3689
slide-note,3675
mood-tracker,3666
random-structural-diary-plugin,3663
obsidian-things-link,3660
obsidian-metatemplates,3659
quoth,3659
auto-glossary,3641
obsidian-highlightpublicnotes-plugin,3629
unicode-search,3611
obsidian-card-view-switcher-plugin,3594
obsidian-find-and-replace-in-selection,3581
journal-review,3581
searchpp,3575
hover-external-link,3573
auto-class,3557
antidote-grammar-checker-integration,3550
hints-plugin,3540
obsidian-title-serial-number-plugin,3528
obsidian-canvas-conversation,3527
scales-chords,3524
reveal-file-in-explorer,3520
obsidian-search-everywhere-plugin,3514
automatic-table-of-contents,3503
confluence-integration,3496
obsidian-matrix,3467
pseudocode-in-obs,3450
get-info-plugin,3446
habit-calendar,3414
obsidian-kobo-highlights-importer-plugin,3412
obsidian-day-and-night,3410
obsidian-ankibridge,3406
writing,3390
obsidian-vim-im-switch-plugin,3381
colorful-note-borders,3367
open-weather,3363
obsidian-binary-file-manager-plugin,3361
obsidian-asciimath,3318
obsidian-stopwatch-plugin,3304
sheets,3301
obsidian-vocabulary-view,3296
file-explorer-markdown-titles,3268
awesome-image,3259
keyshots,3228
local-quotes,3205
awesome-brain-manager,3181
obsidian-link-archive,3167
chem,3150
garble-text,3140
snippets,3138
obsidian-jtab,3128
obsidian-meeting-notes,3073
obsidian-image-uploader,3072
obsidian-reset-font-size,3066
restore-tab-key,3064
obsidian-command-alias-plugin,3043
quick-plugin-switcher,3042
obsidian-dynamic-embed,3038
duplicate-line,3038
sync-graph-settings,3035
zen,3034
obsidian-echarts,3019
adjacency-matrix-maker,3013
notetweet,3007
obsidian-contacts,2987
snippet-commands-obsidian,2965
copy-publish-url,2961
obsidian-chessboard,2957
2hop-links-plus,2947
auto-template-trigger,2931
crossbow,2927
progressbar,2919
linkify,2915
improved-vimcursor,2912
spoiler-block-obsidian,2911
obsidian-md-to-jira,2890
google-keep-import,2890
grappling-hook,2867
typing-transformer-obsidian,2862
uri-commands,2861
obsidian-sequence-hotkeys,2849
obsidian-hackernews,2848
list-style,2845
obsidian-share-as-gist,2842
bmo-chatbot,2840
obsidian-redirect,2832
reading-comments,2832
obsidian-tressel,2823
embed-code-file,2823
file-diff,2813
any-block,2807
syncthing-integration,2801
obsidian-party,2783
hide-folders,2776
canvas-links,2770
local-backup,2760
obsidian-limelight,2758
samepage,2749
obsidian-tweaks,2738
quick-snippets-and-navigation,2727
obsidian-readlater,2718
copy-note,2714
page-properties,2708
obsidian-sentence-navigator,2707
unitade,2707
obsidian-temple,2700
advanced-merger,2698
obsidian-basetag,2697
obsidian-structured-plugin,2692
obsidian-power-search,2682
obsidian-scroll-offset,2680
obsidian-markbase,2674
weekly-review,2668
lovely-mindmap,2661
heycalmdown-navigate-cursor-history,2651
awesome-reader,2640
obsidian-open-in-other-editor,2638
frontmatter-modified-date,2624
custom-classes,2623
mathlive,2617
gpt-assistant,2614
plugins-galore,2603
obsidian-pretty-bibtex,2598
para-shortcuts,2597
hidden-folder-obsidian,2593
gemmy,2578
obsidian-checkbox3states-plugin,2577
control-characters,2566
avatar,2565
obsidian-javascript-init,2563
bpmn-plugin,2550
youhavebeenstaring-plugin,2540
at-symbol-linking,2536
liquid-templates,2531
solve,2521
todotxt,2516
obsidian-metacopy,2513
sync-google-calendar,2512
obsidian-achievements,2507
obsidian-asciidoc-blocks,2492
obsidian-rapid-notes,2487
gene-ai,2487
callout-integrator,2479
attachment-manager,2474
excalidraw-cn,2473
ics,2464
tag-search,2461
obsidian-jsonifier,2454
obsidian-simple-mention,2452
prompt,2441
css-editor,2441
msg-handler,2409
vault-chat,2409
obsidian-spotlight,2408
obsidian-fuzzytag,2406
flomo-importer,2401
url-namer,2384
obsidian-copy-search-url,2377
obsidian-local-file-interface-plugin,2373
enlightenment-obsidian,2370
vim-toggle,2367
text-progress-bar,2345
scroll-speed,2343
obsidian-daf-yomi,2336
obsidian-checklist-reset,2332
last-modified-timestamp-in-status-bar,2330
obsidian-toggle-case,2329
hk-code-block,2328
obsidian-custom-file-extensions-plugin,2314
focus-active-sentence,2314
email-block-plugin,2310
day-planner-og,2307
obsidian-badge,2287
mdx-as-md-obsidian,2279
boost-link-suggestions,2276
vscode-editor,2276
hard-breaks,2270
obsidian-project-garden,2262
double-colon-conceal,2262
obsidian-activity-logger,2253
open-files-with-commands,2243
obsidian-new-bullet-with-time,2237
postgresql-obsidian,2235
obsidian-dirtreeist,2231
custom-font-loader,2220
plugin-manager,2219
ozanshare-publish,2217
create-note-in-folder,2217
bbawj-semantic-search,2210
obsidian-hyphenation,2209
obsidian-relation-pane,2199
cloze,2199
simple-note-quiz,2188
todo-sort,2185
obsidian-expand-bullet,2175
obsidian-plugin-time-diff,2171
link-with-alias,2167
koncham-workspace,2162
link-tree,2155
onyx-boox-extractor,2151
tags-overview,2150
linked-data-vocabularies,2145
chat-stream,2141
gpt-liteinquirer,2128
typewriter-mode,2115
scrybble.ink,2114
html-server,2107
apple-books-highlights,2104
mermaid-themes,2101
recipe-grabber,2099
ketcher,2098
share-note,2096
crumbs-obsidian,2094
color-palette,2088
obsidian-overdue,2086
inbox,2086
insert-heading-link,2082
obsidian-random-todo,2077
obsidian-key-sequence-shortcut,2074
obsidian-awesome-flashcard,2069
obsidian-static-file-server,2066
obsidian-min-width,2063
obsidian-group-snippets,2060
arcana,2056
ai-mentor,2054
voice,2054
jelly-snippets,2047
execute-python,2047
obsidian-furigana,2045
obsidian-paper-cut,2044
imdone-obsidian-plugin,2044
multi-tag,2038
emo-uploader,2028
obsidian-sakana-widget,2019
import-foundry,2014
file-explorer-plus,2013
obsidian-codeblock-labels,2005
image-ocr,2005
periodic-para,2002
typst,1998
flashcard-learning,1993
ai-research-assistant,1992
edit-history,1989
obsidian-min3ditorhotkeys-plugin,1988
obsidian-review-notes-plugin,1987
update-relative-links,1985
obsidian-stylist,1983
better-mathjax,1976
background-image,1976
obsidian-command-palette-minus-plugin,1974
japanese-word-splitter,1970
obsidian-relative-find,1962
microblog-publish-plugin,1960
badges,1955
simple-dice-roller,1952
obsidian-code-preview,1951
obsidian-smart-links,1945
stenography-obsidian,1941
emoji-titler,1925
chord-lyrics,1915
note-aliases,1912
tasks-packrat-plugin,1907
style-text,1899
obsidian-upcoming,1895
braincache,1895
obsidian-amazingmarvin-plugin,1892
obsidian-old-note-admonitor,1891
double-click-tab,1881
obsidian-go-to-line,1879
image-upload-toolkit,1877
obsidian-telegraph-publish,1872
obsidian-dashing-cursor,1866
flashcards-llm,1864
obsidian-screwdriver,1859
blockquote-levels,1857
advanced-random-note,1850
obsidoom,1849
obsidian-juliandate,1844
workbooks,1838
obsidian-theme-toggler,1834
custom-state-for-task-list,1832
obsidian-user-plugins,1831
draw-harada-method,1819
beeminder-word-count-plugin,1805
qatt,1805
obsidian-new-note-new-window,1795
memos-sync,1794
supsub,1794
obsidian-alias-from-heading,1791
tasks-to-omnifocus,1791
sigma,1790
brain,1789
obsidian-relativenumber,1784
obsidian-cloudinary-uploader,1782
obsidian-metronome-plugin,1779
obsidian-to-flomo,1772
editor-commands-remap,1770
13th-age-statblocks,1770
contextual-comments,1766
movie-obsidian,1761
obsidian-koreader-plugin,1757
loom,1754
quote-share,1752
obsidian-chess,1746
obsidian-stack-overflow,1746
oblogger,1746
obsidian-mtg,1740
obsidian-rant,1736
latex-algorithms,1724
api-request,1724
persistent-links,1720
obsidian-aggregator,1719
netwik,1718
aw-watcher-obsidian,1718
obsidian-save-as-gist,1713
quip,1712
obsidian-wavedrom,1707
game-search,1699
obsidian-link-opener,1694
adamantine-pick,1693
obsidian-etherpad-plugin,1692
obsidian-account-linker,1689
frontmatter-alias-display,1686
cron,1681
link-range,1676
notes-dater,1676
obsidian-notion-video,1668
obsidian-dynbedded,1668
obsidian-gitlab-issues,1658
ticktick,1655
findoc,1646
open-related-url,1637
brainframe,1626
obsidian-mark-and-select,1620
tag-many,1610
chess-study,1609
fantasy-name,1604
silicon,1594
obsidian-circuitjs,1592
obsidian-chorded-hotkeys,1589
simple-rss,1589
obligator,1586
obsidian-hotkeys-chords,1582
air-quotes,1578
simple-canvasearch,1576
obsidian-vim-multibyte-char-search,1573
file-chucker,1573
mermaid-helper,1572
ini-obsidian,1569
qmd-as-md-obsidian,1569
at-people,1564
obsidian-markdown-file-suffix,1563
smart-rename,1561
linked-data-helper,1559
pinboard-sync,1557
vika-sync,1544
obs-text-wrapper,1544
obsidian-open-file-by-magic-date,1537
console,1536
status-bar-quote,1532
prioritize,1529
obsidian-wordnik,1525
cycle-in-sidebar,1524
mini-toolbar,1522
automatic-list-styles,1515
copilot-auto-completion,1514
canvas-randomnote,1505
graph-nested-tags,1500
meld-build,1496
markdown-tree,1495
hugo-preview-obsidian,1494
obsidian-crypto-lookup,1492
phone-to-roam-to-obsidian,1487
ring-a-secretary,1483
copy-inline-code,1478
zotero-sync-client,1477
obsidian-extlnkhelper-plugin,1473
zettelflow,1473
reading-view-enhancer,1455
vextab,1449
obsidian-quran-lookup,1445
text2anki-openai,1444
uncheck-all,1444
yet-another-obsidian-synchronizer,1440
obsidian-attendance,1438
blur,1438
smort-obsidian,1436
confluence-to-obsidian,1436
dendron-tree,1433
floating-highlights,1430
perilous-writing,1427
ai-tools,1425
obsidian-filename-emoji-remover,1423
auto-anki,1422
obsidian-buttondown-plugin,1419
s3-image-uploader,1419
obsidian-autoscroll,1416
obsidian-note-content-pusher,1415
obsidian-oura-plugin,1414
obsidian-golinks,1410
kindle-csv-converter,1410
o2,1408
obsidian-handlebars,1402
iconoir-icons,1394
auto-front-matter,1391
media-sync,1378
note-archiver,1377
mixa,1373
runjs,1373
birthday-tracker,1369
get-stock-information,1355
order-list,1354
generic-initiative-tracker,1351
obsidian-bellboy,1340
incremental-id,1340
material-symbols,1340
obsidian-steemit,1339
notes-sync-share,1335
wielder,1333
zettelgpt,1331
latex-to-unicode,1323
ai-summary,1323
workona-to-obsidian,1319
obsimian-exporter,1318
vault-name-status-bar,1317
nai4obsidian,1313
kill-and-yank,1312
x86-flow-graphing,1308
file-include,1305
ling-gloss,1299
bulk-exporter,1298
writing-goals,1298
flowershow,1294
blindfold-obsidian,1290
linkshelf,1285
checkbox-reorder,1281
obsidian-bbcode,1274
readability-score,1269
header-enhancer,1269
obsidian-dataset-aid,1268
pocketbook-cloud-highlight-importer,1265
open-plugin-settings,1260
easy-bake,1257
obsidian-chevereto-image-uploader,1255
squiggle,1253
latex-matrices,1251
source-code-note,1250
show-diff,1247
pf2-action-icons,1247
modules,1244
tiddlywiki-import-export,1243
guid-front-matter,1243
testing-vault,1242
data-entry,1227
invio,1225
markdown-blogger,1221
mochi-cards-exporter,1214
obsidian-siteswap,1207
python-scripter,1207
android-nomedia,1203
memorization,1202
file-forgetting-curve-obsidian,1195
vault-2-book,1192
git-url,1190
quickly,1189
obsidian-archivebox-plugin,1187
chemical-structure-renderer,1186
inline-code-highlight,1184
obsidian-lineup-builder,1181
quick-links,1180
nifty-links,1177
custom-list-character,1171
github-issue-augmentation,1170
character-insertion,1163
hamsterbase,1163
no-empty-windows,1161
vertical-tabs-view,1158
tor2e-statblocks,1157
unfilled-stats-highlighter,1152
logstravaganza,1150
codeblock-tabs,1150
youversion-linker,1150
auto-hyperlink,1147
obsidian-soomda,1145
syncftp,1136
auto-tag,1135
obsidian-plugin-dynamodb,1132
literate-haskell,1130
dmn-plugin,1127
tinypng-image,1126
file-publisher,1125
bulkopen-selected-links,1125
shukuchi,1122
edit-gemini,1119
emoji-tags-titler,1119
better-comment-toggle,1117
index-checker,1113
cannoli,1104
markdown-chords,1100
obsidian-ivre-plugin,1094
readavocado-sync,1093
chatgpt-definitions,1092
ruled-template,1091
quicknote,1090
babashka,1083
zettelkasten-llm-tools,1076
commando-command-repeater,1074
style-importer,1074
askify-obsidian-sync,1073
select-current-line,1070
gtd-no-next-step,1069
due-when,1067
safe-filename-linter,1067
github-embeds,1065
red-pen,1062
multiple-notes-outline,1061
cloudinary,1059
webdav-file-explorer,1058
tokei,1056
markdown-to-slack-message,1054
vox,1054
mononote,1048
dmn-eval,1047
tistory-poster,1047
tab-rotator,1046
markdown-link-space-encoder,1045
markdoc,1042
quail,1040
ollama,1038
share-to-cubox,1037
auto-journal,1036
lskypro-auto-upload,1034
obsidiosaurus,1032
hackerone,1031
lds-scriptures-reference,1030
markdown-sync-scroll,1025
emacs-text-editor,1025
micro-templates,1017
wikidata-importer,1016
pivotal-tracker-integration,1007
ai-editor,1001
reflection,999
fill-in-the-blank,997
poker,993
codename,990
url-display,988
flashcard-gen,987
lilypond,985
tolino-notes-import,981
touchbar-macros,980
rofi-helper,978
nostr-writer,977
codestats,975
wallabag,975
laws-of-form,965
speech2text-helper,952
finnish-spellcheck,951
window-collapse,947
tenki,947
pubscale,945
source-scanner,944
waka_time_box,944
exercises,942
archwiki-reader,940
harpoon,940
floccus-bookmarks-to-markdown,929
apl-render,924
mdx,923
tag-page-md,916
dida-sync,886
html-tabs,883
gnome-terminal-loader,873
change-case,873
auto-literature,864
vocabulary-cards,832
timer,824
mlir-syntax-highlight,783
inline-math,738
postfix,731
mtg-card-links,730
content-linker,718
just-share-please,713
cardify,709
size-history,700
writeas-publisher,696
canvas-send-to-back,696
eml-reader,695
js-engine,693
battlesnake-viewer,678
share-to-notionnext,674
codeblock-template,661
merge-notes,658
moviegrabber,651
template-search-library,636
calctex,631
pickly-page-blend,626
swiss-army-knife,615
text-conversions,610
timetracker,609
anki-sync-plus,602
oin-gotoheading,593
eleven-labs,589
potato-indexer,575
collapse-node,575
sets,562
send-to-ghost,541
expiration-date-tracker,540
modalforms,537
gpg-crypt,528
copy-metadata,526
sync-contacts-macos,523
geocoding-properties,521
obsidian-vega,519
text-transform,508
auto-archive,507
qb-reader-parser,495
todotxt-codeblocks,477
recipe-view,476
next-link,466
magic-calendar,453
palta-note,450
screengarden-obsidian,447
file-property-enhancer,444
table-checkboxes,439
contentful-publisher,436
wrangle-todos,416
qiniu-image-uploader,414
remotely-secure,379
fold-anywhere,354
digital-paper,351
permalink-opener,324
multi-properties,320
tracker-plus,318
chat-with-bard,310
teleprompter,306
timeline-view,301
typing,282
s3-attachments-storage,249
treefocus,238
image2latex,217
homework-manager,217
enhance-youtube-links,213
scholar,196
file-tree-generator,184
fountain-editor,178
lunar-calendar,176
idorecall,175
tistory,175
mini-vimrc,174
inline-encrypter,170
halo,166
json-table,166
daily-note-pinner,165
backlink-cache,165
rescuetime,162
favorite-note,155
tag-project-odaimoko,150
tag-breakdown-generator,145
frontmatter-generator,143
auto-filename,142
reclipped-official,136
csv-codeblock,132
abbreviations,131
discord-message-formatter,127
improved-random-note,126
global-markdown-encrypt,120
md-image-caption,119
title-generator,119
canvas-llm-extender,117
jira-linker,110
gladdis,109
auto-reading-mode,105
studier,104
sync-to-xlog,101
remove-empty-folders,92
linkding-importer,90
metal-archives,89
mochi-cards-pro,88
archive-to-single-note,88
nothing,86
moon-server-publisher,85
hexo-auto-updater,85
tistory-publisher,80
slackify-note,56
auto-hide-cursor,33
